timestamp,operator_id,heart_rate_bpm,score1,score2,score3,score_all,message,events,comments
2025-08-20 10:00:00,A,68.90,,15.71,68.67,48.25,,,
2025-08-20 10:00:00,B,76.70,,15.71,68.67,48.25,,,
2025-08-20 10:00:00,C,66.90,,15.71,68.67,48.25,,,
2025-08-20 10:00:10,A,68.70,,43.14,61.87,55.05,received | done,,
2025-08-20 10:00:10,B,74.50,,29.43,55.87,48.55,roger | checking logs,task start:B-1,
2025-08-20 10:00:10,C,71.20,,56.86,61.87,59.58,looks fine,,
2025-08-20 10:00:20,A,67.00,16.67,48.63,50.09,38.24,ready,task start:A-1,
2025-08-20 10:00:20,B,75.70,29.52,39.03,44.99,37.76,on it | on it,,
2025-08-20 10:00:20,C,73.10,53.78,71.94,56.09,60.53,ok | nice,,
2025-08-20 10:00:30,A,73.70,56.92,52.47,40.07,49.89,ack | proceeding,,
2025-08-20 10:00:30,B,72.60,21.01,38.56,35.74,31.66,,,
2025-08-20 10:00:30,C,69.20,64.08,68.79,45.17,59.39,on it,task start:C-1 | task error:C-1,
2025-08-20 10:00:40,A,67.50,81.05,55.16,47.56,61.45,confirm,task complete:A-1,
2025-08-20 10:00:40,B,72.70,20.63,59.14,27.88,35.73,noted | ok,,
2025-08-20 10:00:40,C,67.40,50.43,66.58,35.90,50.96,ok,task start:C-2,
2025-08-20 10:00:50,A,69.40,81.44,57.04,43.93,61.01,ack | ready,task start:A-2,
2025-08-20 10:00:50,B,77.00,29.11,73.54,21.20,41.16,noted | ok,task error:B-1,
2025-08-20 10:00:50,C,66.70,43.03,65.56,34.01,47.49,,task complete:C-2,
2025-08-20 10:01:00,A,71.70,73.31,44.64,50.84,56.43,check,task complete:A-2,
2025-08-20 10:01:00,B,71.30,43.11,39.05,15.52,32.67,checking | fail!,,
2025-08-20 10:01:00,C,71.50,49.97,33.47,32.41,38.73,slight issue,,
2025-08-20 10:01:10,A,70.80,79.33,44.06,50.05,58.03,,task start:A-3,
2025-08-20 10:01:10,B,74.00,63.85,14.91,10.69,30.15,error!,task start:B-2,
2025-08-20 10:01:10,C,67.00,58.23,41.85,31.05,43.86,ok,,
2025-08-20 10:01:20,A,69.20,53.99,43.50,60.04,52.52,,task complete:A-3,
2025-08-20 10:01:20,B,75.50,49.42,0.00,22.59,24.26,lost signal! | unresponsive!,task complete:B-2,"Low Score2: Too many negative/stress words or insufficient positive feedback in chat, possible communication disorder. (Excerpt: lost signal! | unresponsive!); Low Score3: Task error rate increased/completion rate decreased/cycle time prolonged, possible rework or blockage. (Events: task complete:B-2)"
2025-08-20 10:01:20,C,71.20,56.20,75.16,29.89,53.77,looks fine,,
2025-08-20 10:01:30,A,68.30,21.17,48.88,68.53,45.94,roger | check,,
2025-08-20 10:01:30,B,72.20,55.45,0.00,32.70,29.64,fail! | fail!,,"Low Score2: Too many negative/stress words or insufficient positive feedback in chat, possible communication disorder. (Excerpt: fail! | fail!)"
2025-08-20 10:01:30,C,69.20,70.27,71.04,38.91,60.18,proceed,task start:C-3 | task complete:C-3,
2025-08-20 10:01:40,A,69.30,23.01,52.64,71.75,48.87,roger,,
2025-08-20 10:01:40,B,71.50,44.60,0.00,31.29,25.49,,task start:B-3,"Low Score2: Too many negative/stress words or insufficient positive feedback in chat, possible communication disorder."
2025-08-20 10:01:40,C,66.70,62.83,69.93,46.57,59.81,,task start:C-4,
2025-08-20 10:01:50,A,75.60,28.93,41.56,78.49,49.45,ack,,
2025-08-20 10:01:50,B,73.20,37.17,21.23,33.43,30.68,standby | roger | ok,task complete:B-3 | task start:B-4,
2025-08-20 10:01:50,C,72.10,63.44,67.38,43.09,58.02,on it,,
2025-08-20 10:02:00,A,68.60,70.76,61.24,80.22,70.74,check | on it | done,,
2025-08-20 10:02:00,B,72.50,26.52,19.58,35.25,27.11,standby,task error:B-4,"Low Score1: HRV (RMSSD) is low or heart rate fluctuation is abnormal, possible physiological stress/fatigue. (RMSSD≈20.4ms, |z|≈0.45, HR≈72.5bpm); Low Score2: Too many negative/stress words or insufficient positive feedback in chat, possible communication disorder. (Excerpt: standby)"
2025-08-20 10:02:00,C,66.80,70.15,65.59,40.12,58.74,smooth,,
2025-08-20 10:02:10,A,72.10,76.08,61.29,85.68,74.37,clear | copy,task start:A-4 | task complete:A-4,
2025-08-20 10:02:10,B,71.70,21.09,19.50,36.80,25.75,,task start:B-5,"Low Score1: HRV (RMSSD) is low or heart rate fluctuation is abnormal, possible physiological stress/fatigue. (RMSSD≈19.6ms, |z|≈0.73, HR≈71.7bpm); Low Score2: Too many negative/stress words or insufficient positive feedback in chat, possible communication disorder."
2025-08-20 10:02:10,C,65.40,57.59,78.06,47.60,61.05,roger | noted | steady,task complete:C-4,
2025-08-20 10:02:20,A,72.40,76.95,75.05,86.33,79.42,clear | roger,,
2025-08-20 10:02:20,B,69.70,16.67,19.42,38.11,24.65,,task complete:B-5,"Low Score1: HRV (RMSSD) is low or heart rate fluctuation is abnormal, possible physiological stress/fatigue. (RMSSD≈15.3ms, |z|≈1.76, HR≈69.7bpm); Low Score2: Too many negative/stress words or insufficient positive feedback in chat, possible communication disorder."
2025-08-20 10:02:20,C,69.90,75.00,100.00,53.96,76.31,looks fine | noted,,
2025-08-20 10:02:30,A,74.70,71.80,57.25,86.88,71.98,ack,,
2025-08-20 10:02:30,B,70.40,16.67,19.35,39.23,25.00,,,"Low Score1: HRV (RMSSD) is low or heart rate fluctuation is abnormal, possible physiological stress/fatigue. (RMSSD≈15.3ms, |z|≈0.85, HR≈70.4bpm); Low Score2: Too many negative/stress words or insufficient positive feedback in chat, possible communication disorder."
2025-08-20 10:02:30,C,69.50,74.56,100.00,49.37,74.64,,task start:C-5,
2025-08-20 10:02:40,A,72.20,68.63,72.22,77.35,72.69,noted | on it,task start:A-5,
2025-08-20 10:02:40,B,69.50,16.67,18.26,46.84,27.15,checking,,"Low Score1: HRV (RMSSD) is low or heart rate fluctuation is abnormal, possible physiological stress/fatigue. (RMSSD≈13.6ms, |z|≈1.09, HR≈69.5bpm); Low Score2: Too many negative/stress words or insufficient positive feedback in chat, possible communication disorder. (Excerpt: checking)"
2025-08-20 10:02:40,C,64.20,64.11,83.28,55.46,67.58,keep going | keep going,task error:C-5,
2025-08-20 10:02:50,A,68.90,33.65,55.27,69.25,52.53,update,,
2025-08-20 10:02:50,B,72.60,17.79,17.50,53.32,29.42,monitoring,,"Low Score1: HRV (RMSSD) is low or heart rate fluctuation is abnormal, possible physiological stress/fatigue. (RMSSD≈21.1ms, |z|≈1.11, HR≈72.6bpm); Low Score2: Too many negative/stress words or insufficient positive feedback in chat, possible communication disorder. (Excerpt: monitoring)"
2025-08-20 10:02:50,C,69.90,73.53,63.01,50.64,62.51,copy,task start:C-6,
2025-08-20 10:03:00,A,69.30,24.23,70.83,65.69,53.29,on it | ready,task complete:A-5 | task start:A-6,
2025-08-20 10:03:00,B,76.00,16.67,16.96,48.82,27.37,monitoring,task start:B-6,"Low Score1: HRV (RMSSD) is low or heart rate fluctuation is abnormal, possible physiological stress/fatigue. (RMSSD≈26.4ms, |z|≈1.78, HR≈76.0bpm); Low Score2: Too many negative/stress words or insufficient positive feedback in chat, possible communication disorder. (Excerpt: monitoring)"
2025-08-20 10:03:00,C,69.70,76.84,62.54,46.55,62.12,proceed,,
2025-08-20 10:03:10,A,72.90,42.53,69.73,62.67,58.15,,task complete:A-6 | task start:A-7,
2025-08-20 10:03:10,B,75.00,25.07,16.59,55.00,32.15,standby | ack,,
2025-08-20 10:03:10,C,66.80,69.89,48.49,37.07,52.00,keep going,,
2025-08-20 10:03:20,A,75.50,33.34,68.65,60.11,53.82,,,
2025-08-20 10:03:20,B,71.90,42.62,16.33,60.25,39.76,checking,task complete:B-6,
2025-08-20 10:03:20,C,68.60,78.04,52.37,29.01,53.39,nice,task error:C-6,
2025-08-20 10:03:30,A,70.10,56.14,67.59,64.59,62.71,,task complete:A-7,
2025-08-20 10:03:30,B,75.10,41.89,16.14,64.71,40.93,standby,,
2025-08-20 10:03:30,C,65.70,57.60,55.09,22.15,45.07,smooth,,
2025-08-20 10:03:40,A,69.20,48.19,79.45,72.40,66.50,on it | update | done,task start:A-8 | task complete:A-8,
2025-08-20 10:03:40,B,69.90,39.85,16.13,68.50,41.48,,,
2025-08-20 10:03:40,C,68.50,47.49,70.71,16.33,44.87,clear | noted,task start:C-7,
2025-08-20 10:03:50,A,68.00,44.15,60.33,75.04,59.68,check,task start:A-9,
2025-08-20 10:03:50,B,75.30,62.56,43.44,61.73,55.97,all good,task start:B-7,
2025-08-20 10:03:50,C,67.40,47.24,67.92,11.38,42.23,ok,,
2025-08-20 10:04:00,A,73.80,59.53,46.95,81.28,62.56,ack,task complete:A-9,
2025-08-20 10:04:00,B,68.10,71.57,42.88,65.97,60.25,,,
2025-08-20 10:04:00,C,68.20,35.57,93.40,7.17,45.29,looks fine,task error:C-7,
2025-08-20 10:04:10,A,71.80,67.64,51.29,82.59,67.18,noted,task start:A-10,
2025-08-20 10:04:10,B,67.80,73.91,34.73,69.57,59.55,monitoring,task error:B-7,
2025-08-20 10:04:10,C,62.10,46.76,91.85,3.60,47.40,,,
2025-08-20 10:04:20,A,70.30,54.07,50.58,83.70,62.70,,,
2025-08-20 10:04:20,B,70.20,84.90,29.03,62.64,59.11,checking logs,task start:B-8 | task complete:B-8,
2025-08-20 10:04:20,C,67.50,82.39,69.01,0.56,50.97,keep going,,
2025-08-20 10:04:30,A,74.80,46.79,53.83,79.65,59.96,roger | standby | standby,task complete:A-10 | task start:A-11,
2025-08-20 10:04:30,B,73.80,69.14,25.03,53.41,49.39,monitoring,task start:B-9,
2025-08-20 10:04:30,C,69.10,73.88,94.16,0.00,56.19,looks fine,,
2025-08-20 10:04:40,A,71.00,68.48,53.07,74.53,65.39,,,
2025-08-20 10:04:40,B,69.70,73.34,35.95,45.56,51.83,received,,
2025-08-20 10:04:40,C,67.00,86.20,70.63,0.00,52.62,checking,task start:C-8,
2025-08-20 10:04:50,A,70.40,40.00,52.32,80.85,57.55,,task complete:A-11,
2025-08-20 10:04:50,B,69.40,47.86,35.55,42.23,41.94,,,
2025-08-20 10:04:50,C,66.70,86.23,69.53,9.91,55.53,,task complete:C-8,
2025-08-20 10:05:00,A,72.40,47.56,41.34,75.56,54.75,update,task start:A-12,
2025-08-20 10:05:00,B,74.30,45.52,84.45,39.39,56.35,ok | received | all good,,
2025-08-20 10:05:00,C,68.90,52.45,53.39,21.93,42.69,keep going,,
2025-08-20 10:05:10,A,71.50,49.91,33.65,77.73,53.72,check | check,,
2025-08-20 10:05:10,B,68.80,62.91,77.55,33.65,58.08,roger,task error:B-9 | task start:B-10,
2025-08-20 10:05:10,C,68.90,20.40,42.08,22.14,28.13,copy,task start:C-9,"Low Score1: HRV (RMSSD) is low or heart rate fluctuation is abnormal, possible physiological stress/fatigue. (RMSSD≈20.0ms, |z|≈0.82, HR≈68.9bpm); Low Score3: Task error rate increased/completion rate decreased/cycle time prolonged, possible rework or blockage. (Events: task start:C-9)"
2025-08-20 10:05:20,A,73.70,28.53,28.27,83.57,46.61,in progress,task complete:A-12,
2025-08-20 10:05:20,B,73.00,70.29,76.31,32.10,59.68,,task complete:B-10,
2025-08-20 10:05:20,C,64.20,28.81,41.56,32.32,34.17,,task complete:C-9,
2025-08-20 10:05:30,A,72.60,20.00,28.02,84.53,43.94,,task start:A-13,
2025-08-20 10:05:30,B,72.70,62.70,71.85,40.79,58.49,ok,,
2025-08-20 10:05:30,C,69.40,56.90,33.80,40.97,44.02,keep going | steady,,
2025-08-20 10:05:40,A,66.00,37.72,51.76,89.35,59.39,received | roger,task complete:A-13,
2025-08-20 10:05:40,B,71.60,71.93,55.01,38.17,55.21,monitoring,task start:B-11,
2025-08-20 10:05:40,C,64.20,69.24,28.38,52.32,50.17,keep going,,
2025-08-20 10:05:50,A,69.30,61.84,54.66,82.78,66.38,copy | noted,task start:A-14,
2025-08-20 10:05:50,B,68.10,47.11,54.22,35.94,45.77,,,
2025-08-20 10:05:50,C,69.80,87.32,65.72,57.97,70.51,checking | looks fine,task start:C-10 | task complete:C-10,
2025-08-20 10:06:00,A,67.00,58.68,53.88,83.86,65.41,,,
2025-08-20 10:06:00,B,70.50,51.10,42.67,44.05,45.99,copy,task complete:B-11,
2025-08-20 10:06:00,C,67.20,100.00,64.43,62.78,75.98,roger,,
2025-08-20 10:06:10,A,68.80,69.06,42.43,88.79,66.78,standby,task complete:A-14,
2025-08-20 10:06:10,B,72.90,32.92,48.30,50.95,43.94,received | checking logs,task start:B-12,
2025-08-20 10:06:10,C,65.60,86.62,49.82,70.86,69.27,keep going,,
2025-08-20 10:06:20,A,72.30,61.98,41.90,82.30,62.06,,task start:A-15,
2025-08-20 10:06:20,B,71.00,45.59,47.64,56.80,49.97,,task complete:B-12,
2025-08-20 10:06:20,C,66.10,72.66,67.02,63.73,67.85,nice | smooth,task start:C-11,
2025-08-20 10:06:30,A,70.90,41.09,34.04,83.46,52.74,standby,,
2025-08-20 10:06:30,B,72.10,37.25,47.01,55.12,46.36,,task start:B-13 | task error:B-13,
2025-08-20 10:06:30,C,64.00,50.03,51.62,67.67,56.38,steady,task complete:C-11,
2025-08-20 10:06:40,A,65.80,43.60,42.26,77.77,54.43,ready,task complete:A-15 | task start:A-16,
2025-08-20 10:06:40,B,71.80,28.72,37.62,53.68,39.89,checking,task start:B-14,
2025-08-20 10:06:40,C,69.60,48.65,54.57,64.36,55.79,on it,task start:C-12,
2025-08-20 10:06:50,A,65.40,44.23,41.73,83.61,56.40,,task complete:A-16,
2025-08-20 10:06:50,B,71.80,25.76,31.05,59.13,38.52,monitoring,task complete:B-14,
2025-08-20 10:06:50,C,66.40,66.82,70.34,58.20,65.14,clear | proceed,,
2025-08-20 10:07:00,A,70.50,66.41,47.64,88.56,67.52,done,,
2025-08-20 10:07:00,B,69.90,16.67,30.74,53.76,33.55,,task start:B-15,
2025-08-20 10:07:00,C,69.10,54.47,67.67,62.97,61.63,ok,task complete:C-12,
2025-08-20 10:07:10,A,72.10,57.06,51.77,82.11,63.58,done,task start:A-17,
2025-08-20 10:07:10,B,70.10,16.67,39.95,59.20,38.38,noted | copy,task complete:B-15,
2025-08-20 10:07:10,C,70.20,54.81,65.79,60.36,60.27,proceed | checking,task start:C-13,
2025-08-20 10:07:20,A,66.30,75.03,51.05,83.30,69.85,,,
2025-08-20 10:07:20,B,70.40,16.67,39.46,58.82,38.10,,task start:B-16 | task complete:B-16,
2025-08-20 10:07:20,C,71.20,52.82,91.91,64.81,69.67,clear | all good,,
2025-08-20 10:07:30,A,67.00,67.88,54.17,84.30,68.77,proceeding,task error:A-17,
2025-08-20 10:07:30,B,74.40,16.67,32.34,63.49,37.29,checking,,
2025-08-20 10:07:30,C,70.90,30.29,51.91,58.58,46.76,no issue,,
2025-08-20 10:07:40,A,68.60,72.21,70.06,85.16,75.77,done | roger,,
2025-08-20 10:07:40,B,70.90,43.83,41.07,67.47,50.72,on it,task start:B-17 | task error:B-17,
2025-08-20 10:07:40,C,68.00,28.55,54.77,67.30,49.99,noted,task complete:C-13,
2025-08-20 10:07:50,A,66.90,48.09,68.97,69.88,62.17,,,
2025-08-20 10:07:50,B,71.90,39.25,60.89,64.18,54.62,all good | checking,,
2025-08-20 10:07:50,C,72.30,28.51,56.76,70.70,51.76,roger,task start:C-14,
2025-08-20 10:08:00,A,68.30,58.01,80.42,59.57,65.92,noted | proceeding,task start:A-18 | task complete:A-18 | task start:A-19,
2025-08-20 10:08:00,B,67.90,36.03,59.98,68.06,54.51,,,
2025-08-20 10:08:00,C,72.30,33.17,55.94,63.60,50.73,,,
2025-08-20 10:08:10,A,65.10,18.93,74.72,54.13,48.96,roger,,
2025-08-20 10:08:10,B,72.40,61.72,46.70,58.01,55.54,monitoring,task start:B-18,
2025-08-20 10:08:10,C,68.30,40.65,55.14,71.56,55.63,,task complete:C-14,
2025-08-20 10:08:20,A,71.50,46.83,57.02,49.51,51.08,check,task error:A-19,
2025-08-20 10:08:20,B,68.10,54.90,51.12,46.81,50.98,received,,
2025-08-20 10:08:20,C,70.10,58.17,43.31,78.32,59.92,steady,,
2025-08-20 10:08:30,A,65.30,75.85,56.20,45.59,59.38,,,
2025-08-20 10:08:30,B,72.50,62.56,50.41,46.62,53.29,,task complete:B-18 | task start:B-19 | task complete:B-19,
2025-08-20 10:08:30,C,71.30,47.91,35.03,84.08,55.59,steady,,
2025-08-20 10:08:40,A,69.00,87.45,57.77,45.58,63.84,confirm,task start:A-20 | task complete:A-20,
2025-08-20 10:08:40,B,68.80,71.98,53.72,53.13,59.73,fine,,
2025-08-20 10:08:40,C,67.20,33.22,56.67,74.96,54.73,proceed | on it,task start:C-15,
2025-08-20 10:08:50,A,68.30,92.41,45.15,47.24,61.91,copy,task start:A-21 | task complete:A-21,
2025-08-20 10:08:50,B,68.40,65.17,52.96,58.66,58.99,,,
2025-08-20 10:08:50,C,69.10,52.41,71.81,77.22,67.00,roger | proceed,,
2025-08-20 10:09:00,A,68.10,88.31,50.03,53.66,64.24,noted,,
2025-08-20 10:09:00,B,73.70,58.98,41.78,56.69,52.55,ack,task start:B-20,
2025-08-20 10:09:00,C,69.30,44.60,37.84,79.14,53.77,no issue,,
2025-08-20 10:09:10,A,69.80,61.18,49.35,59.11,56.59,,task start:A-22 | task complete:A-22,
2025-08-20 10:09:10,B,70.80,68.99,47.68,61.69,59.55,fine,,
2025-08-20 10:09:10,C,68.00,32.30,37.40,64.77,44.69,,,
2025-08-20 10:09:20,A,68.30,40.14,48.67,63.74,50.75,,,
2025-08-20 10:09:20,B,74.80,49.99,47.04,65.94,54.28,,task error:B-20,
2025-08-20 10:09:20,C,70.30,36.68,58.32,52.55,49.06,well done,,
2025-08-20 10:09:30,A,69.90,16.67,38.79,67.68,40.80,update,,
2025-08-20 10:09:30,B,72.50,57.89,65.07,53.55,58.83,roger | received,task start:B-21,
2025-08-20 10:09:30,C,70.20,16.67,72.97,42.17,43.66,all good,,
2025-08-20 10:09:40,A,72.90,16.67,38.33,64.36,39.55,,task start:A-23,
2025-08-20 10:09:40,B,76.40,51.52,64.08,49.01,54.84,,task complete:B-21,
2025-08-20 10:09:40,C,69.00,21.23,55.79,39.34,38.61,keep going,,
2025-08-20 10:09:50,A,65.80,52.20,45.26,58.21,51.89,proceeding,,
2025-08-20 10:09:50,B,74.70,48.73,63.12,45.16,52.30,,,
2025-08-20 10:09:50,C,66.40,16.67,54.99,46.94,39.30,,task complete:C-15 | task start:C-16,
2025-08-20 10:10:00,A,65.90,55.73,36.39,56.31,49.54,check | in progress,task complete:A-23 | task start:A-24,
2025-08-20 10:10:00,B,74.40,46.56,90.04,51.89,62.66,noted | all good,,
2025-08-20 10:10:00,C,66.50,17.96,43.21,53.40,37.99,copy,,
